riddle,x,y,z,region
"Below the tail of the Fish is a silently fading silvergate.",-458,30,-869,Port Manteau Wolfswood
"Along the path to the mighty city of Galengarde, an enshrined warped mushroom hides a deeper path.",-458,59,-766,Port Manteau Wolfswood
"A signpost near the Port points two ways. Ignore them both and seek the spores nearby that have grown over the Silvergate you seek.",-521,52,-751,Port Manteau Wolfswood
"Something about this Silvergate must have drawn the Dichen to build a tall bell tower around it.",-233,104,-577,Galengarde Wolfswood
"Once a village for witches, now abandoned in the shadow of the Tree of Life. This fountain holds the secret.",-475,98,-274,Abandoned Witch Village Wolfswood
"Once a settlement for the Dichen, now filled with toxic spores, a gate has been grown over by a towering mushroom that can still be contacted.",-480,25,-634,Vibrant Hollow Wolfswood
"Where watery passage exits near the Bastille, a small structure lies, overgrown by berries. It holds the way.",-235,66,-487,Shadowcast Bastille Wolfswood
"A mighty fallen tree provides passage deeper into spore-infested territory. Seek where the spiders call home.",-333,99,-412,Chanterelle Village Wolfswood
"Not far from the Mycelian territory stands a spear-wielding statue with a secret.",-368,93,-336,Amanita Colony Wolfswood
"A place where horse and rider are one and the same, as the great Tree of Life looms above and holds a path yet unseen.",-519,90,-328,Coven Fortress Wolfswood
"A totem for the Porphyry was once a pathway walked by many. It can be again if you can find it.",-582,35,-565,Locum Vernantia Wolfswood
"Where bewitching magic swirls dangerously, seek the chapel that offers no harm. Here a path awaits the seeker.",-690,119,-161,Bewitched Dominion Wolfswood
"Taking the wrong seat in the bar within a mushroom might take you somewhere much further than expected.",-422,106,-554,Wolfswood
"Near hanging flowers and bowing trees, one might gaze upon Galengarde's Southern aqueduct on this overgrown structure and seek a path.",-380,65,-545,Wolfswood
"Nearby, a mighty sword stands tall. But here, one might seek shelter below a tree contained by water and surrounded by fungi.",-209,73,-300,Wolfswood
"Within sight of a silent fishing vessel, the Porphyry's sacred grounds hold a passage elsewhere.",-654,38,-694,Wolfswood
"Crystallized magic swirls wild in the presence of the Hex and the Tree of Life together. That magic might whisk one away.",-569,111,-255,Wolfswood
"The Silver Order has claimed what the Witches have destroyed near the walls of New Antium. Seek the way beyond the water wheel.",-554,145,-182,Wolfswood
"A blooming flower atop a grown lilypad on the west shore marks the pathway to the beyond.",-748,31,-442,Wolfswood
"Nearby, a mighty sword stands tall. But here, a view upon the ocean stands close to a wooded and crystallized grotto with a gate yet unseen.",-172,72,-280,Wolfswood
"The mighty gates of Antium draw the eye, but the small pavilion offers a way forward.",-424,155,-163,New Antium
"Antium's smoldering embers hide a passage where soldiers rest.",-439,175,-95,New Antium Pelias' Keep
"Betwixt Antium's mighty cathedral and worn racetrack, a gate has faded to just beyond view.",-334,181,63,Veilripper Epic Trader Pelias' Keep
"Once a mighty tree near a shade-infested quarry, it still retains its passage to somewhere beyond.",-523,182,-60,Silvic Quarry Pelias' Keep
"Where shades still prowl, a blacksmith has abandoned his forge and a path remains unseen.",-479,179,27,Old Antium Pelias' Keep
"Outside of the Keep, although not quite yet upon the Serebrian Bridge is a tree with a path that goes deeper than any roots.",-447,176,318,Pelias' Keep
"Just upon the Serebrian Bridge stand two soldiers, watching the moon rise. Stand between them and the way shall open.",-377,179,406,Serebrian Bridge Pelias' Keep
"An unknowable domed structure near a twisted place where ocean touches emptiness below offers a path to somewhere else.",38,46,769,The Nadir Star Point
"A silent watchtower stands alone next to the twisted, unknowable remnants of an isle that was once captured.",-137,37,641,The Nadir Star Point
"This silent tower stands above the chittering entryway to the Gutters from the mighty megastructure. Atop the tower, you will find a gently pulsing gateway, bathing in moonlight",258,116,678,The Tolumaeus Star Point
"A temple built to house enchanted waters rests by a ledge, admiring the mighty clock tower. Let it not distract you, for it is the tiny altar that shall reveal the path.",241,132,860,Star Point
"Gaze from a ledge above onto the twisted structure that serves as the final reminder of a mighty battle near the great bridge. Nearby lies the flame of a faraway beacon.",-36,117,817,Star Point
"In fields of amethyst, a banner hangs tattered, making a site of great importance for your search.",129,139,1153,Star Point
"Turn away from the Stars' gifts and instead seek a hidden gate below the edge.",55,107,1443,Star Point
"An ancient aqueduct once carried water across the Serebrian isle. Now the crumbling edge reveals a fading Silvergate.",139,197,1432,Star Point
"Two knights bear the cloth of the Serebrian Citadel, overlooking the mighty Silvergate. A smaller one lies between the two, barely glimmering.",44,212,1070,Star Point
"A boon to a fractured Tree of Life hides passage to something deeper. Inside the passage, a platform will take new shape as you approach.",234,133,915,Star Point
"A blighted ledge overlooks a blighted tree where no other corruption spreads, in the shadow of the Emperor's gaze.",100,185,822,Star Point
"Gaze upon the Lord's Visage then seek the way forward behind his presence.",130,213,868,Star Point
"Deep under the starblight, pumpkins sprout in twisting tunnels. Seek a tiny altar that will open to more, but beware: if you find an unfamiliar corpse, you've gone too far.",105,98,941,Pumpkin Tunnels Star Point
"In the sunless caves under the starblight, gourds grow unhindered in the stale air, their twisting vines unnaturally crumbling away rock and stone to make passage.",65,105,935,Pumpkin Tunnels Star Point
"A coffin within hidden Serebrian crypts opens not to the wail of the dead, but a pathway to somewhere else.",234,89,905,Star Point Crypts Star Point
